[{"model": "admin.logentry", "pk": 31, "fields": {"action_time": "2024-04-23T05:07:36.538Z", "user": 3, "content_type": 4, "object_id": "12", "object_repr": "burkoff.ars", "action_flag": 3, "change_message": ""}}, {"model": "admin.logentry", "pk": 32, "fields": {"action_time": "2024-04-23T05:08:51.927Z", "user": 3, "content_type": 7, "object_id": "61", "object_repr": "Post object (61)", "action_flag": 3, "change_message": ""}}, {"model": "admin.logentry", "pk": 33, "fields": {"action_time": "2024-04-28T13:49:41.367Z", "user": 3, "content_type": 7, "object_id": "16", "object_repr": "Post object (16)", "action_flag": 2, "change_message": "[{\"changed\": {\"fields\": [\"Text\"]}}]"}}, {"model": "admin.logentry", "pk": 34, "fields": {"action_time": "2024-04-28T13:50:11.397Z", "user": 3, "content_type": 7, "object_id": "16", "object_repr": "Post object (16)", "action_flag": 2, "change_message": "[{\"changed\": {\"fields\": [\"Text\"]}}]"}}, {"model": "admin.logentry", "pk": 35, "fields": {"action_time": "2024-04-28T13:56:03.815Z", "user": 3, "content_type": 7, "object_id": "60", "object_repr": "Post object (60)", "action_flag": 2, "change_message": "[{\"changed\": {\"fields\": [\"Title\"]}}]"}}, {"model": "admin.logentry", "pk": 36, "fields": {"action_time": "2024-04-28T13:58:04.430Z", "user": 3, "content_type": 7, "object_id": "60", "object_repr": "Post object (60)", "action_flag": 2, "change_message": "[{\"changed\": {\"fields\": [\"Title\"]}}]"}}, {"model": "admin.logentry", "pk": 37, "fields": {"action_time": "2024-04-28T13:59:01.224Z", "user": 3, "content_type": 7, "object_id": "16", "object_repr": "Post object (16)", "action_flag": 2, "change_message": "[{\"changed\": {\"fields\": [\"Text\"]}}]"}}, {"model": "admin.logentry", "pk": 38, "fields": {"action_time": "2024-04-28T16:11:50.687Z", "user": 3, "content_type": 7, "object_id": "69", "object_repr": "Post object (69)", "action_flag": 2, "change_message": "[]"}}, {"model": "admin.logentry", "pk": 39, "fields": {"action_time": "2024-04-28T16:12:20.576Z", "user": 3, "content_type": 7, "object_id": "70", "object_repr": "Post object (70)", "action_flag": 1, "change_message": "[{\"added\": {}}]"}}, {"model": "auth.group", "pk": 1, "fields": {"name": "authors", "permissions": [25, 26, 27]}}, {"model": "auth.group", "pk": 2, "fields": {"name": "just users", "permissions": []}}, {"model": "auth.user", "pk": 1, "fields": {"password": "!v1ufv0aiQc4XUMFndMzdZRwwuSDE72o4tIjpPWkZ", "last_login": null, "is_superuser": false, "username": "username_01", "first_name": "", "last_name": "", "email": "", "is_staff": false, "is_active": true, "date_joined": "2024-02-05T02:46:25.606Z", "groups": [], "user_permissions": []}}, {"model": "auth.user", "pk": 2, "fields": {"password": "!NnDzTz8Mriy82XgkfJVpXXDQPXRHfNqXMOIdjlgI", "last_login": null, "is_superuser": false, "username": "username_02", "first_name": "", "last_name": "", "email": "", "is_staff": false, "is_active": true, "date_joined": "2024-02-05T02:46:34.979Z", "groups": [], "user_permissions": []}}, {"model": "auth.user", "pk": 3, "fields": {"password": "pbkdf2_sha256$600000$92ER0EZYKYDN8iZtpnQhIf$gd+AX5rwrwjGRzRkNUHAMJmxul0XJpolDt3GtEfywSk=", "last_login": "2024-05-21T12:31:26.634Z", "is_superuser": true, "username": "admin", "first_name": "", "last_name": "", "email": "", "is_staff": true, "is_active": true, "date_joined": "2024-02-24T00:45:24Z", "groups": [1], "user_permissions": []}}, {"model": "sessions.session", "pk": "1ya0m273a7l9unzjh75jyzj991pa9fm3", "fields": {"session_data": ".eJxVjMsOgyAQRf-FdWMU5OWu_REyDEMkpZgodNP036uNG5fnPs6HAeLSSnVvWlNMFBy9IGU2lZbzjTlodXZto9WlwCY29OwSesAnlaOBnI-4O33df3PWW3ffiUpNCDUt5XG-LqoZtnn30Bg4xWCNHckbBbLnkiRYKz0XQqsIQksfNEdl0AykdhTcqoiDAa9H9v0BtK1Hng:1rpLRa:x0IRWQWP8pqe67s8wMKqagaHvj4MYIiWR9nFkQkb7uI", "expire_date": "2024-04-10T05:03:22.915Z"}}, {"model": "sessions.session", "pk": "51y7a5ilc5mpej6mscs3tp8h2g87319r", "fields": {"session_data": ".eJxVjDsOwjAQBe_iGln-gNempOcM0W68iwPIluKkQtwdIqWA9s3Me6kB16UMa-d5mLI6K68Ovxvh-OC6gXzHemt6bHWZJ9Kbonfa9bVlfl529--gYC_fGm0yiBGCIwouROc5-owCYoTcUZg9pFMMjgGAjEeD1mdJQQIZ66J6fwDhdTen:1s177r:LX2e12UqC805yvq7erGlsLKqugmhv21NpsQ7yXXGL_A", "expire_date": "2024-05-12T16:11:39.859Z"}}, {"model": "sessions.session", "pk": "9bhjybmsd1fdlb2s45cz6epgdegfx9jg", "fields": {"session_data": ".eJxVjDsOwjAQBe_iGln-gNempOcM0W68iwPIluKkQtwdIqWA9s3Me6kB16UMa-d5mLI6K68Ovxvh-OC6gXzHemt6bHWZJ9Kbonfa9bVlfl529--gYC_fGm0yiBGCIwouROc5-owCYoTcUZg9pFMMjgGAjEeD1mdJQQIZ66J6fwDhdTen:1rdgAs:wDNfNWgNFyL7NB6wYYzKP9Rum9xWLtPoVVGNgY-XMz8", "expire_date": "2024-03-09T00:45:54.350Z"}}, {"model": "sessions.session", "pk": "f5c5njjx5tb2wm8ymyuly5ukpfhd142b", "fields": {"session_data": ".eJxVjDsOwjAQBe_iGln-gNempOcM0W68iwPIluKkQtwdIqWA9s3Me6kB16UMa-d5mLI6K68Ovxvh-OC6gXzHemt6bHWZJ9Kbonfa9bVlfl529--gYC_fGm0yiBGCIwouROc5-owCYoTcUZg9pFMMjgGAjEeD1mdJQQIZ66J6fwDhdTen:1s9OeM:7ysm582ezhk5gxrNKo_QZmgP7Riq_SwGt7VxY_q6JJE", "expire_date": "2024-06-04T12:31:26.755Z"}}, {"model": "sessions.session", "pk": "ucocd61ry7u2ceytq438p541rey8tn36", "fields": {"session_data": ".eJxVjDsOwjAQBe_iGln-gNempOcM0W68iwPIluKkQtwdIqWA9s3Me6kB16UMa-d5mLI6K68Ovxvh-OC6gXzHemt6bHWZJ9Kbonfa9bVlfl529--gYC_fGm0yiBGCIwouROc5-owCYoTcUZg9pFMMjgGAjEeD1mdJQQIZ66J6fwDhdTen:1s14tZ:1wu_113gRXAPoKz3X_K14EfUmqk1t0q8WN2VAbMtk4A", "expire_date": "2024-05-12T13:48:45.056Z"}}, {"model": "sessions.session", "pk": "v4yyyv01motkl2jfp7h997cj6un33cy1", "fields": {"session_data": ".eJxVjDsOwjAQBe_iGln-gNempOcM0W68iwPIluKkQtwdIqWA9s3Me6kB16UMa-d5mLI6K68Ovxvh-OC6gXzHemt6bHWZJ9Kbonfa9bVlfl529--gYC_fGm0yiBGCIwouROc5-owCYoTcUZg9pFMMjgGAjEeD1mdJQQIZ66J6fwDhdTen:1rmwpj:kYCFNAt-rpyvpRUdYYYgJmBk4PEB65D-FI0WyCBpI-8", "expire_date": "2024-04-03T14:22:23.384Z"}}, {"model": "sessions.session", "pk": "vnndp53pbkv6g65kpgiep82x07aw02ia", "fields": {"session_data": ".eJxVjDsOwjAQBe_iGln-gNempOcM0W68iwPIluKkQtwdIqWA9s3Me6kB16UMa-d5mLI6K68Ovxvh-OC6gXzHemt6bHWZJ9Kbonfa9bVlfl529--gYC_fGm0yiBGCIwouROc5-owCYoTcUZg9pFMMjgGAjEeD1mdJQQIZ66J6fwDhdTen:1rs1Vp:YtS25gEZ6Zdul55xjpKRPUhfp49GE1MWuzUGv8UZUto", "expire_date": "2024-04-17T14:22:49.725Z"}}, {"model": "news_bd.author", "pk": 1, "fields": {"user": 1, "user_rating": 31.0}}, {"model": "news_bd.author", "pk": 2, "fields": {"user": 2, "user_rating": 26.0}}, {"model": "news_bd.category", "pk": 1, "fields": {"category_name": "Политика", "subscribers": []}}, {"model": "news_bd.category", "pk": 2, "fields": {"category_name": "Новости Санкт-Петербурга", "subscribers": [3]}}, {"model": "news_bd.category", "pk": 3, "fields": {"category_name": "Технологии", "subscribers": []}}, {"model": "news_bd.category", "pk": 4, "fields": {"category_name": "Культура", "subscribers": [3]}}, {"model": "news_bd.post", "pk": 1, "fields": {"author": 1, "type_post": "NE", "time_post": "2024-02-05T03:52:37.411Z", "title": "В Эрмитаже откроются \"\"Салоны\" Дидро\"", "text": "В Николаевском зале Эрмитажа вы увидите масштабный проект, созданный совместно с ГМИИ им. Пушкина и посвящённый выставкам современного искусства в Париже XVIII века, а также фигуре Дени Дидро — писателя, философа, арт-критика эпохи Просвещения, обаяние которого ощущается даже сквозь века.", "post_rating": 7.0}}, {"model": "news_bd.post", "pk": 2, "fields": {"author": 2, "type_post": "AR", "time_post": "2024-02-05T04:14:09.779Z", "title": "Китайские учёные разработали ИИ для проверки коммунистов на верность партии", "text": "Китайские учёные заявили, что создали искусственный интеллект, позволяющий проверять благонадёжность членов коммунистической партии. О разработке китайских коммунистов пишет The Times. ИИ, как заявляется, может получать информацию о мыслях и намерениях членов партии. Также система сможет тренировать неуверенных коммунистов, укрепляя их веру в правильность решений партии. Издание отмечает, что статья на китайском исчезла вскоре после публикации 1 июля, в день основания партии. По-видимому, систему посчитали слишком навязчивой даже в рамках китайского политического контекста. «Это действительно повысит политическое качество членов партии и обеспечит их идеологическим фундаментом», — говорится в партийном издании. Институт заявил, что призвал членов исследовательской группы брать партийные уроки под наблюдением искусственного интеллекта. Партия уже представила прилоение для идеологической обработки. С его помощью 96,77 миллиона членов партии в стране должны зарабатывать очки, читая статьи, просматривая короткие видеоролики и отвечая на вопросы.", "post_rating": 1.0}}, {"model": "news_bd.post", "pk": 4, "fields": {"author": 2, "type_post": "AR", "time_post": "2024-02-05T04:22:44.811Z", "title": "Элитам нужен контроль над свободой слова в интернете", "text": "Кажется, почти каждый день в СМИ твердят о необходимости контроля или ограничения свободы слова в интернете. Сегодня они пишут о Джо Рогане и дезинформации о COVID-19; завтра будет что-нибудь другое. Причины контроля высказывания в интернете меняются изо дня в день, но потребность постоянна. Иногда это необходимость защитить граждан от кампаний по дезинформации, проводимых иностранными государствами. Порой причиной становится обеспечение безопасности выборов. В иной раз оправданием является требование искоренения экстремизма и теорий заговора, а также предотвращение распространения дезинформации о китайском коронавирусе. Проблемы меняются, но решение всегда одно: усиление регулирования свободы высказываний со стороны онлайн-платформ при поддержке правительства.", "post_rating": 3.0}}, {"model": "news_bd.post", "pk": 5, "fields": {"author": 1, "type_post": "NE", "time_post": "2024-03-20T15:20:49.526Z", "title": "Себестоимость строительства в Петербурге оказалась в 2,5 раза ниже рыночных цен", "text": "Госкомпания \"Дом.РФ\" опубликовала данные о себестоимости строительства жилья в разных регионах России по состоянию на 15 марта 2024 года.\r\nОни подсчитаны на основе проектных деклараций, размещённых застройщиками в Единой информационной системе жилищного строительства. Данный показатель определяется в соответствии с постановлением правительства РФ.\r\nСогласно опубликованным цифрам, в Петербурге средняя себестоимость 1 м2 жилья равна 96,3 тыс. рублей, медианная — 85,4 тыс. Эти данные были получены по итогам анализа 208 проектных деклараций на 418 домов.\r\nПри этом, по информации BN.ru, средняя рыночная стоимость квадратного метра на первичном рынке жилья Петербурга в феврале 2024 года составляла 246 тыс. рублей.\r\nПетербург оказался четвёртым регионом в стране по средней себестоимости строительства. Лидерами рейтинга стали Чукотский АО (265 тыс. рублей/м2), Москва (151,2 тыс. рублей/м2) и Магаданская область (116,2 тыс. рублей/м2). Ленинградская область — на десятом месте с показателем 80,1 тыс. рублей/м2.\r\nДешевле всего, по данным \"Дом.РФ\", строить в Кабардино-Балкарской Республике (23,2 тыс. рублей/м2), Чечне (29,3 тыс. рублей/м2) и Дагестане (30,9 тыс. рублей/м2).\r\nМинстрой РФ в ноябре подготовил проект приказа о нормативе стоимости 1 м2 общей площади жилья в России на первое полугодие 2024 года. Норматив установлен на уровне 97 547 рублей, это на 4% выше показателя для второго полугодия этого года.\r\nПо данным \"Циан.Аналитики\", к ноябрю первичное жильё в Петербурге подорожало до 252,2 тыс. руб./м2, при этом спрос на новостройки начал падать.\r\nВ начале февраля 2024 года стоимость строящегося жилья в Петербурге выросла до 240-250 тыс. рублей за \"квадрат\".", "post_rating": 0.0}}, {"model": "news_bd.post", "pk": 6, "fields": {"author": 2, "type_post": "NE", "time_post": "2024-03-20T15:35:44.126Z", "title": "На «красной» ветке метро Петербурга остановили движение из-за человека на путях", "text": "В Петербурге частично приостановили движение на «красной» линии метро из-за человека на рельсах.\r\nКак сообщили в пресс-службе метрополитена, поезда не едут от станции «Проспект Ветеранов» до станции «Нарвская». По данным «Фонтанки», человек упал на рельсы на станции «Автово».", "post_rating": 0.0}}, {"model": "news_bd.post", "pk": 7, "fields": {"author": 1, "type_post": "NE", "time_post": "2024-03-20T15:37:35.924Z", "title": "Nvidia выпустила революционный ИИ-суперчип для моделей машинного обучения с триллионами параметров", "text": "Nvidia выпустила «самый мощный ИИ-чип в мире», а также «суперчип» и несколько модульных систем на его основе. Новинки предназначены для построения инфраструктуры, которая способна «гонять» модели машинного обучения с триллионами параметров и расходовать в процессе в разы меньше электроэнергии, нежели предшественники семейства Hopper.", "post_rating": 0.0}}, {"model": "news_bd.post", "pk": 8, "fields": {"author": 1, "type_post": "NE", "time_post": "2024-03-20T15:40:16.156Z", "title": "Франция оштрафовала Google на €250 млн за обучение ИИ на новостном контенте", "text": "Французское Управление по надзору за конкуренцией оштрафовало Google на €250 млн за нарушения, связанные с действующими в ЕС нормами в отношении интеллектуальной собственности, принадлежащей средствам массовой информации, и разрабатываемой компанией системой искусственного интеллекта.", "post_rating": 0.0}}, {"model": "news_bd.post", "pk": 9, "fields": {"author": 1, "type_post": "NE", "time_post": "2024-03-20T15:42:42.708Z", "title": "Русский музей раскроет тайну шедевров", "text": "Пользователи мини-приложения «Другое Дело» ВКонтакте смогут отправиться в увлекательное путешествие по дворцам и садам Русского музея. Все объекты расположены в сердце Санкт-Петербурга, являются украшением и неотъемлемой частью истории города. В их числе Михайловский дворец и корпус Бенуа, Мраморный и Строгановский дворцы, Михайловский замок, Домик Петра Первого, Михайловский и Летний сад.", "post_rating": 0.0}}, {"model": "news_bd.post", "pk": 10, "fields": {"author": 2, "type_post": "NE", "time_post": "2024-03-20T15:44:24.627Z", "title": "Дональд Трамп объявил о своем участии в президентских выборах в США в 2024 году", "text": "Экс-президент Дональд Трамп объявил, что будет добиваться выдвижения кандидатуры на пост президента от республиканцев в 2024 году. Его представители подали заявку на участие в выборах в Федеральную избирательную комиссию. Действующий президент-демократ Джо Байден еще не объявлял о своем участии в выборах 2024 года, но убежден в возможности победы над Трампом", "post_rating": 0.0}}, {"model": "news_bd.post", "pk": 12, "fields": {"author": 1, "type_post": "NE", "time_post": "2024-03-20T22:11:51.470Z", "title": "В музее \"Петергоф\" после реставрации откроются Верхний сад и Китайский дворец", "text": "В 2024 году музей-заповедник \"Петергоф\" откроет Верхний сад и Китайский дворец в Ораниенбауме.\r\nОб этом 3 января сообщило агентство ТАСС, ссылаясь на слова генерального директора музея Романа Коврикова.\r\nРеставрация Верхнего сада началась в 2020 году, а до этого работы на объекте культурного наследия не проводили более полувека. Восстановление интерьеров резиденции Екатерины II, Китайского дворца, поэтапно ведётся с 2009 года.", "post_rating": 0.0}}, {"model": "news_bd.post", "pk": 16, "fields": {"author": 2, "type_post": "NE", "time_post": "2024-03-21T03:01:41.825Z", "title": "Администрация Василеостровского района Санкт-Петербурга тестирует нового программного робота", "text": "В администрации Василеостровского района Санкт-Петербурга начали применять программного робота, который помогает специалистам отдела по вопросам государственной службы и кадров сверять справки со сведениями о доходах, расходах и обязательствах имущественного характера.", "post_rating": 0.0}}, {"model": "news_bd.post", "pk": 17, "fields": {"author": 1, "type_post": "NE", "time_post": "2024-03-21T18:53:27.015Z", "title": "До станции метро «Театральная» дошел первый поезд. Радоваться рано", "text": "Хозяйственный поезд 21 марта прибыл на строящуюся станцию метро «Театральная».", "post_rating": 0.0}}, {"model": "news_bd.post", "pk": 18, "fields": {"author": 1, "type_post": "NE", "time_post": "2024-03-21T18:55:48.198Z", "title": "С Ладоги эвакуировали провалившихся под лед мужчин", "text": "В районе острова Заячий на Ладожском озере 21 марта двое мужчин провалились под лед. Они катались на квадроцикле. Пострадавшие смогли выбраться из воды самостоятельно.", "post_rating": 0.0}}, {"model": "news_bd.post", "pk": 19, "fields": {"author": 1, "type_post": "NE", "time_post": "2024-03-21T20:42:42.630Z", "title": "Пять мостов в Петербурге разведут в ночь на 22 марта", "text": "В ночь на пятницу, 22 марта, в Петербурге проведут технологические разводки пяти мостов. Актуальным графиком разводки поделились в пресс-службе СПб ГБУ «Мостотрест».", "post_rating": 0.0}}, {"model": "news_bd.post", "pk": 22, "fields": {"author": 1, "type_post": "NE", "time_post": "2024-03-21T21:28:56.918Z", "title": "\"Чернышевскую\" пообещали открыть к лету", "text": "Обновление станции метро \"Чернышевская\" в Петербурге закончится в первом полугодии этого года. Сейчас в здании вестибюля обновляют кровлю, замена деревянной на металлическую завершена на 80%.\r\nТакие данные привели в пресс-службе Смольного 21 марта. Более точные сроки открытия станции не приводятся.\r\nПо данным городских властей, на \"Чернышевской\" уже установили самые важные элементы четырёх эскалаторов — технические зоны для подъёмных механизмов. Впереди — монтаж ступеней и цепей.", "post_rating": 0.0}}, {"model": "news_bd.post", "pk": 23, "fields": {"author": 2, "type_post": "AR", "time_post": "2024-03-21T21:34:04.598Z", "title": "Культура Московской Руси", "text": "Под культурой Московской Руси подразумевается период русской культуры XIV-XVI вв. Со второй половины XIV в. начинается подъем русской культуры, обусловленный успехами хозяйственного развития и первой крупной победой над восточными завоевателями в Куликовской битве. Это событие стало важным шагом на пути освобождения страны от монголо-татарского ига. В частности, такая тематика прослеживается в литературе.", "post_rating": 0.0}}, {"model": "news_bd.post", "pk": 25, "fields": {"author": 2, "type_post": "AR", "time_post": "2024-03-21T21:45:14.917Z", "title": "Культура «серебряного века»", "text": "Это период в истории русской культуры, хронологически связываемый с началом XX века, совпавший с эпохой модернизма.\r\nНазвание «Серебряный век» дано по аналогии с «Золотым веком» (первая треть XIX века). На авторство термина претендовали философ Николай Бердяев, писатели Николай Оцуп, Сергей Маковский. \r\n«Серебряный век» протекал \r\nс 1880 до 1920 годов.\r\nГородские и сельские начальные школы постепенно вытесняли церковно-приходское образование;\r\nросло число гимназий и реальных училищ;\r\nвозросло количество средних специальных учебных заведений;\r\nк 1914 году действовало более 100 высших учебных заведений.", "post_rating": 0.0}}, {"model": "news_bd.post", "pk": 26, "fields": {"author": 2, "type_post": "NE", "time_post": "2024-04-03T07:25:03.826Z", "title": "Санкт-Петербург станет платным для всех туристов с 1 апреля", "text": "Губернатор Санкт-Петербурга Александр Беглов подписал закон о введении курортного сбора в городе. Согласно документу, сбор будет взиматься по 31 декабря 2024 года.\r\nС 1 апреля 2024 года курортный сбор в размере 100 рублей в день должны будут платить совершеннолетние путешественники, приехавшие в Питер более чем на одни сутки. \r\nВласти специально уточнили, что сбор за первый день заезда не будет взиматься.\r\nБолее 20 льготных категорий граждан будут освобождены от уплаты, включая тех, кто постоянно работает и имеет жилье в Петербурге, многодетные семьи, участников Великой Отечественной войны и ветеранов боевых действий.", "post_rating": 0.0}}, {"model": "news_bd.post", "pk": 28, "fields": {"author": 1, "type_post": "NE", "time_post": "2024-04-03T07:32:20.189Z", "title": "AMD представила встраиваемые процессоры Ryzen Embedded 8000 с мощным ИИ-ускорителем", "text": "Компания AMD представила встраиваемые процессоры Ryzen Embedded 8000. Это первые встраиваемые решения производителя, оснащённые мощным ИИ-блоком NPU на базе архитектуры XDNA с вычислительной производительностью 16 TOPS (триллионов операций в секунду). А все блоки процессора вместе могут выдать до 39 TOPS. Новинки предназначены для промышленных систем с искусственным интеллектом, в том числе систем машинного зрения и робототехники.", "post_rating": 0.0}}, {"model": "news_bd.post", "pk": 29, "fields": {"author": 1, "type_post": "NE", "time_post": "2024-04-03T07:34:00.298Z", "title": "AMD выпускает новые мобильные процессоры Ryzen для бюджетных игровых ноутбуков", "text": "Ryzen 7 7435HS представляет собой 4-ядерный/8-поточный процессор с базовой тактовой частотой 3,2 ГГц, тактовой частотой в режиме Boost до 4,2 ГГц, 8 МБ кэш-памяти третьего уровня, TDP по умолчанию 45 Вт (настраивается от 35 до 53 Вт).  Между тем Ryzen 7 7435H имеет те же характеристики, а также использует тот же идентификатор продукта (FP7r2: 1100-000001507).\r\n\r\nRyzen 5 7235HS представляет собой 8-ядерный/16-поточный чип с тактовой частотой 3,1 ГГц, тактовой частотой Boost 4,5 ГГц, 16 МБ кэш-памяти третьего уровня и TDP 45 Вт, который можно настроить в диапазоне 35–54 Вт. Аналогично Ryzen 5 7235H имеет те же характеристики и идентификатор продукта (FP7r2: 100-000001506).", "post_rating": 0.0}}, {"model": "news_bd.post", "pk": 30, "fields": {"author": 2, "type_post": "NE", "time_post": "2024-04-03T07:43:31.972Z", "title": "Мариинский театр представит два оперных шедевра Рихарда Вагнера", "text": "В начале апреля Мариинский театр представит два оперных шедевра Рихарда Вагнера. Последнее сочинение композитора, его грандиозная опера-мистерия «Парсифаль» прозвучит 6 апреля на исторической сцене. Заглавную партию исполнит Михаил Векуа, партию Кундри — Юлия Маточкина. 9 апреля на новой сцене можно будет услышать и оперу-драму Вагнера «Летучий голландец» — сочинение, которое открыло путь к созданию великих оперных партитур мастера на тему искупления. Дирижирует спектаклями один из ярчайших мировых интерпретаторов вагнеровской музыки Валерий Гергиев.", "post_rating": 0.0}}, {"model": "news_bd.post", "pk": 31, "fields": {"author": 1, "type_post": "NE", "time_post": "2024-04-03T14:36:37.756Z", "title": "Турция: партия Эрдогана проигрывает на муниципальных выборах", "text": "Представители оппозиционной Республиканской народной партии (РНП) лидируют в Анкаре и Стамбуле.\r\n\r\nСогласно предварительным результатам, мэр Стамбула Экрем Имамоглу опережает своего соперника от партии президента Турции Реджепа Тайипа Эрдогана АК (AKP) на муниципальных выборах, прошедших в стране в воскресенье.\r\n\r\nВ Анкаре, столице Турции и втором по величине городе страны, действующий мэр Мансур Явас, находящийся в оппозиции Эрдогану, также объявил о победе над своим соперником от партии AKP менее чем через три часа после закрытия избирательных участков.", "post_rating": 0.0}}, {"model": "news_bd.post", "pk": 32, "fields": {"author": 1, "type_post": "NE", "time_post": "2024-04-03T14:45:45.825Z", "title": "В метро Санкт-Петербурга начнут тестировать оплату лицом", "text": "В метрополитене Санкт-Петербурга может появиться возможность оплаты проезда с использованием биометрии. Запустить пилотный проект собираются на 1-3 станциях не ранее второго квартала 2024 года.\r\n«В ходе пилотного проекта предстоит оценить скорость работы оплаты по биометрии, выстроить клиентский путь, обеспечить надежность и отказоустойчивость системы, оценить влияние на работу сопутствующих факторов, например, освещения. Планируем, что проекты продлятся до 2025 года, после чего будет приниматься решение о тиражировании технологии на станциях», – говорится в сообщении.", "post_rating": 0.0}}, {"model": "news_bd.post", "pk": 36, "fields": {"author": 1, "type_post": "NE", "time_post": "2024-04-03T14:54:59.912Z", "title": "Пассажиры «Площади Восстания» нашли опечатку на указателе станции", "text": "На станции метро «Площадь Восстания» обнаружили опечатку. Она «спряталась» на световом указателе станции.\r\n\r\n— Выходь в город, — гласит надпись на табло сейчас.\r\n\r\nОшибку исправят грядущей ночью.", "post_rating": 0.0}}, {"model": "news_bd.post", "pk": 37, "fields": {"author": 1, "type_post": "NE", "time_post": "2024-04-03T14:58:13.489Z", "title": "Apple разработала ИИ, который понимает человека лучше GPT-4", "text": "Научные сотрудники Apple разработали систему искусственного интеллекта ReALM (Reference Resolution as Language Modeling), способную существенно улучшить понимание человека голосовыми помощниками и повысить эффективность их реакции на запросы.", "post_rating": 0.0}}, {"model": "news_bd.post", "pk": 39, "fields": {"author": 2, "type_post": "NE", "time_post": "2024-04-03T15:02:54.042Z", "title": "Обновление One UI для Samsung Galaxy привело к перегреву при зарядке", "text": "Обновление оболочки One UI 6.1 для ряда смартфонов Samsung Galaxy привело к перегреву устройств при зарядке. О проблеме рассказал портал 9to5Google.\r\n\r\nПо данным некоторых пользователей, обновление замедляет скорость быстрой зарядки смартфонов. Например, на Galaxy Z Fold 5 и Galaxy S23 она снижается на 40%. Мощность зарядки упала до 15 Вт, что оказалось сильно меньше обычного. Однако некоторые пользователи не столкнулись с неполадками.\r\n\r\nТакже обновление повлияло на температуру устройств. При подключении к блоку питания они нагреваются значительно больше обычного. Помимо этого, пользователи заметили и проблемы со сканером отпечатков пальцев. После пробуждения Samsung Galaxy S23 не отображает соответствующую иконку. При этом смартфон сканирует отпечаток, если приложить палец два раза.\r\n\r\nВ Samsung пока что не прокомментировали проблемы, вызванные обновлением. Ожидается, что неполадки исправят в ближайшее время.", "post_rating": 0.0}}, {"model": "news_bd.post", "pk": 44, "fields": {"author": 2, "type_post": "NE", "time_post": "2024-04-03T15:11:22.312Z", "title": "Opera стал первым браузером с доступом к локальным ИИ-моделям", "text": "Для работы нейросетей не понадобится интернет. Но скорость зависит от мощности компьютера.\r\nВ браузере Opera появилась поддержка 150 локальных вариантов ИИ-моделей.\r\nИИ-модели можно скачать прямо из браузера. В экспериментальном режиме поддерживается большое количество нейросетей, в том числе популярных. Например, это новая ИИ-модель Gemma от Google, а также Vicuna и Mistral.\r\n\r\nС помощью новой функции пользователи могут скачать нейросети, чтобы локально хранить на компьютере. Благодаря этому не требуется передавать данные на сервер с помощью интернета. Локальные версии моделей весят 2–10 ГБ. Разработчики отметили, что, возможно, работа нейросетей на компьютере окажется медленной. Это зависит от мощности системы.", "post_rating": 0.0}}, {"model": "news_bd.post", "pk": 45, "fields": {"author": 1, "type_post": "NE", "time_post": "2024-04-03T15:35:18.049Z", "title": "Русский музей показал рисунки великой княгини Ольги Александровны.", "text": "Сегодня бесценные работы прибыли в Русский музей для хранения и последующего экспонирования.", "post_rating": 0.0}}, {"model": "news_bd.post", "pk": 47, "fields": {"author": 2, "type_post": "AR", "time_post": "2024-04-03T18:31:08.233Z", "title": "Культурологическая проблематика в трудах представителей европейского просвещения", "text": "Бэкон считал, что культура — сложный феномен. Она проявляется во всех сферах деятельности людей, но главными ее элементами являются наука и искусство.\r\nРуссо не приемлет тот моральный климат, который установился в современном ему обществе. Дух наживы, быстрого и неправедного обогащения органически чужд ему. Он с презрением относится к тем, кто исповедует культ денег и не способен возвыситься до понимания своего долга перед самим собой и своими согражданами.", "post_rating": 0.0}}, {"model": "news_bd.post", "pk": 48, "fields": {"author": 1, "type_post": "NE", "time_post": "2024-04-22T06:01:31.020Z", "title": "Загруженность гостиниц Петербурга в майские праздники достигнет 95%", "text": "С 28 апреля по 1 мая 2024 года средняя загруженность гостиниц, отелей и хостелов в Санкт-Петербурге составит более 80%. Об этом «Стройгазете» сообщили в пресс-службе городского правительства, уточнив, что с 9 по 12 мая показатель вырастет до 90-95%.\r\n\r\nПо прогнозу аналитиков «Турбарометра Санкт-Петербург», с 27 апреля по 12 мая 2024 года Северную столицу могут посетить около 850 тыс. гостей. В прошлом году в период майских праздников в городе побывали 770 тыс. туристов.", "post_rating": 0.0}}, {"model": "news_bd.post", "pk": 60, "fields": {"author": 1, "type_post": "AR", "time_post": "2024-04-23T02:53:13.791Z", "title": "Культура Древней Месопотамии", "text": "Культура Месопотамии не является однородной по своему составу. В ее создании и становлении участвовали шумеры, вавилоняне, ассирийцы, хурриты, хетты, эламиты и другие племена. В тоже время в отношении них можно говорить как о носителях родственных культурах, так как все они имели единую систему письма, общие научные, религиозно-мифологические представления, схожие литературные сюжеты, единообразные формы хозяйства. К тому же культурная преемственность,  идущая от одного государства к другому, сохранялась в Месопотамии на протяжении нескольких тысячелетий.", "post_rating": 0.0}}, {"model": "news_bd.post", "pk": 74, "fields": {"author": 1, "type_post": "NE", "time_post": "2024-04-28T16:25:55.604Z", "title": "Роспотребнадзор проводит проверку СПбГУ из-за кори", "text": "В Роспотребнадзоре начали проверку Санкт-Петербургского государственного университета из-за случаев заражения корью студентами.\r\nТакже организованы противоэпидемические мероприятия: определен круг контактных лиц, проводится вакцинация и исследования на определение наличия иммунитета к вирусу кори.\r\nСам вуз сейчас переведен на дистанционный режим работы и обучения.", "post_rating": 0.0}}, {"model": "news_bd.postcategory", "pk": 1, "fields": {"post_id": 1, "category_id": 2}}, {"model": "news_bd.postcategory", "pk": 2, "fields": {"post_id": 1, "category_id": 4}}, {"model": "news_bd.postcategory", "pk": 3, "fields": {"post_id": 2, "category_id": 1}}, {"model": "news_bd.postcategory", "pk": 4, "fields": {"post_id": 2, "category_id": 3}}, {"model": "news_bd.postcategory", "pk": 5, "fields": {"post_id": 4, "category_id": 1}}, {"model": "news_bd.postcategory", "pk": 6, "fields": {"post_id": 4, "category_id": 3}}, {"model": "news_bd.postcategory", "pk": 7, "fields": {"post_id": 5, "category_id": 2}}, {"model": "news_bd.postcategory", "pk": 8, "fields": {"post_id": 6, "category_id": 2}}, {"model": "news_bd.postcategory", "pk": 9, "fields": {"post_id": 7, "category_id": 3}}, {"model": "news_bd.postcategory", "pk": 10, "fields": {"post_id": 8, "category_id": 3}}, {"model": "news_bd.postcategory", "pk": 11, "fields": {"post_id": 8, "category_id": 1}}, {"model": "news_bd.postcategory", "pk": 12, "fields": {"post_id": 9, "category_id": 2}}, {"model": "news_bd.postcategory", "pk": 13, "fields": {"post_id": 9, "category_id": 4}}, {"model": "news_bd.postcategory", "pk": 14, "fields": {"post_id": 10, "category_id": 1}}, {"model": "news_bd.postcategory", "pk": 16, "fields": {"post_id": 12, "category_id": 2}}, {"model": "news_bd.postcategory", "pk": 17, "fields": {"post_id": 12, "category_id": 4}}, {"model": "news_bd.postcategory", "pk": 23, "fields": {"post_id": 16, "category_id": 2}}, {"model": "news_bd.postcategory", "pk": 24, "fields": {"post_id": 16, "category_id": 4}}, {"model": "news_bd.postcategory", "pk": 25, "fields": {"post_id": 17, "category_id": 2}}, {"model": "news_bd.postcategory", "pk": 26, "fields": {"post_id": 18, "category_id": 2}}, {"model": "news_bd.postcategory", "pk": 27, "fields": {"post_id": 19, "category_id": 2}}, {"model": "news_bd.postcategory", "pk": 30, "fields": {"post_id": 22, "category_id": 2}}, {"model": "news_bd.postcategory", "pk": 31, "fields": {"post_id": 23, "category_id": 4}}, {"model": "news_bd.postcategory", "pk": 33, "fields": {"post_id": 25, "category_id": 4}}, {"model": "news_bd.postcategory", "pk": 34, "fields": {"post_id": 26, "category_id": 2}}, {"model": "news_bd.postcategory", "pk": 35, "fields": {"post_id": 29, "category_id": 3}}, {"model": "news_bd.postcategory", "pk": 36, "fields": {"post_id": 28, "category_id": 3}}, {"model": "news_bd.postcategory", "pk": 37, "fields": {"post_id": 30, "category_id": 2}}, {"model": "news_bd.postcategory", "pk": 38, "fields": {"post_id": 30, "category_id": 4}}, {"model": "news_bd.postcategory", "pk": 39, "fields": {"post_id": 31, "category_id": 1}}, {"model": "news_bd.postcategory", "pk": 40, "fields": {"post_id": 32, "category_id": 2}}, {"model": "news_bd.postcategory", "pk": 41, "fields": {"post_id": 32, "category_id": 3}}, {"model": "news_bd.postcategory", "pk": 42, "fields": {"post_id": 36, "category_id": 2}}, {"model": "news_bd.postcategory", "pk": 43, "fields": {"post_id": 37, "category_id": 3}}, {"model": "news_bd.postcategory", "pk": 44, "fields": {"post_id": 39, "category_id": 3}}, {"model": "news_bd.postcategory", "pk": 45, "fields": {"post_id": 44, "category_id": 3}}, {"model": "news_bd.postcategory", "pk": 46, "fields": {"post_id": 45, "category_id": 2}}, {"model": "news_bd.postcategory", "pk": 47, "fields": {"post_id": 45, "category_id": 4}}, {"model": "news_bd.postcategory", "pk": 48, "fields": {"post_id": 47, "category_id": 4}}, {"model": "news_bd.postcategory", "pk": 49, "fields": {"post_id": 48, "category_id": 2}}, {"model": "news_bd.postcategory", "pk": 62, "fields": {"post_id": 60, "category_id": 4}}, {"model": "news_bd.postcategory", "pk": 65, "fields": {"post_id": 74, "category_id": 2}}, {"model": "news_bd.comment", "pk": 1, "fields": {"post": 1, "user": 1, "text": "\"Эрмитаж снова удивляет своими экспозициями! С нетерпением жду открытия \"Салонов Дидро\" - это будет удивительное погружение в культуру и искусство XVIII века.\"", "time_comment": "2024-02-05T04:43:25.473Z", "comment_rating": 1.0}}, {"model": "news_bd.comment", "pk": 2, "fields": {"post": 1, "user": 2, "text": "\"Какой замечательный повод снова посетить Эрмитаж! Новые \"Салоны Дидро\" обещают прекрасное сочетание истории и эстетики. Надеюсь, что выставка поразит воображение!\"", "time_comment": "2024-02-05T04:43:44.714Z", "comment_rating": 1.0}}, {"model": "news_bd.comment", "pk": 3, "fields": {"post": 1, "user": 1, "text": "\"Открытие \"Салонов Дидро\" в Эрмитаже – это настоящий культурный подарок! Надеюсь, что выставка подарит нам удивительные впечатления и знания о французском Просвещении.\"", "time_comment": "2024-02-05T04:43:57.052Z", "comment_rating": 1.0}}, {"model": "news_bd.comment", "pk": 4, "fields": {"post": 1, "user": 2, "text": "\"Эрмитаж продолжает раскрывать перед нами свои тайны! \"Салоны Дидро\" - это, безусловно, уникальное событие для ценителей искусства и истории.\"", "time_comment": "2024-02-05T04:44:04.338Z", "comment_rating": 1.0}}, {"model": "news_bd.comment", "pk": 5, "fields": {"post": 2, "user": 1, "text": "\"ИИ для проверки верности партии? Как будут определять критерии верности? Это вызывает много вопросов о приватности и свободе выражения.\"", "time_comment": "2024-02-05T04:54:05.799Z", "comment_rating": 1.0}}, {"model": "news_bd.comment", "pk": 6, "fields": {"post": 2, "user": 2, "text": "Тест be like: Ну и ну, вы пройти тест на верность партия и порадовать Великий Хi Нефритовый Стержень. Вам полагаться миска рис и кошка-жена. +11111111111 social credit", "time_comment": "2024-02-05T04:54:26.928Z", "comment_rating": 1.0}}, {"model": "news_bd.comment", "pk": 7, "fields": {"post": 2, "user": 2, "text": "username_01, я чувствовать, что вы сомневаться в партия коммунист Китай. Возможно, Вы сильно устать, вот вам ссылка в санаторий", "time_comment": "2024-02-05T04:54:38.140Z", "comment_rating": 1.0}}, {"model": "news_bd.comment", "pk": 8, "fields": {"post": 2, "user": 1, "text": "username_02, XD", "time_comment": "2024-02-05T04:54:50.590Z", "comment_rating": 1.0}}, {"model": "news_bd.comment", "pk": 9, "fields": {"post": 4, "user": 1, "text": "Статья поднимает вопрос о том, насколько эффективен контроль элит над интернетом для обеспечения общественной стабильности. Важно найти золотую середину между безопасностью и свободой.", "time_comment": "2024-02-05T05:00:00.539Z", "comment_rating": 1.0}}, {"model": "news_bd.comment", "pk": 10, "fields": {"post": 4, "user": 2, "text": "Элиты, поддерживающие контроль над свободой слова в интернете, должны тщательно обдумать последствия таких мер и гарантировать соблюдение основных прав граждан.", "time_comment": "2024-02-05T05:00:08.131Z", "comment_rating": 1.0}}, {"model": "news_bd.comment", "pk": 11, "fields": {"post": 4, "user": 1, "text": "Контроль над свободой слова - это сложный вопрос, требующий внимательного обсуждения. Важно учесть мнение общества и найти оптимальный способ обеспечения безопасности при сохранении свободы выражения.", "time_comment": "2024-02-05T05:00:18.757Z", "comment_rating": 1.0}}, {"model": "news_bd.comment", "pk": 12, "fields": {"post": 4, "user": 2, "text": "Статья заставляет задуматься о том, кому будет доверен контроль над свободой слова. Как избежать миссии цензоров и сохранить баланс между безопасностью и свободой граждан?", "time_comment": "2024-02-05T05:00:26.403Z", "comment_rating": 1.0}}, {"model": "sites.site", "pk": 1, "fields": {"domain": "127.0.0.1", "name": "news"}}, {"model": "flatpages.flatpage", "pk": 1, "fields": {"url": "/default/", "title": "default", "content": "", "enable_comments": false, "template_name": "flatpages/default.html", "registration_required": false, "sites": [1]}}, {"model": "django_apscheduler.djangojob", "pk": "delete_old_job_executions", "fields": {"next_run_time": "2024-04-07T21:00:00Z", "job_state": "gAWVZgQAAAAAAAB9lCiMB3ZlcnNpb26USwGMAmlklIwZZGVsZXRlX29sZF9qb2JfZXhlY3V0aW9uc5SMBGZ1bmOUjERuZXdzX2JkLm1hbmFnZW1lbnQuY29tbWFuZHMucnVuYXBzY2hlZHVsZXI6ZGVsZXRlX29sZF9qb2JfZXhlY3V0aW9uc5SMB3RyaWdnZXKUjBlhcHNjaGVkdWxlci50cmlnZ2Vycy5jcm9ulIwLQ3JvblRyaWdnZXKUk5QpgZR9lChoAUsCjAh0aW1lem9uZZSMCGJ1aWx0aW5zlIwHZ2V0YXR0cpSTlIwSYmFja3BvcnRzLnpvbmVpbmZvlIwIWm9uZUluZm+Uk5SMCV91bnBpY2tsZZSGlFKUjA1FdXJvcGUvTW9zY293lEsBhpRSlIwKc3RhcnRfZGF0ZZROjAhlbmRfZGF0ZZROjAZmaWVsZHOUXZQojCBhcHNjaGVkdWxlci50cmlnZ2Vycy5jcm9uLmZpZWxkc5SMCUJhc2VGaWVsZJSTlCmBlH2UKIwEbmFtZZSMBHllYXKUjAppc19kZWZhdWx0lIiMC2V4cHJlc3Npb25zlF2UjCVhcHNjaGVkdWxlci50cmlnZ2Vycy5jcm9uLmV4cHJlc3Npb25zlIwNQWxsRXhwcmVzc2lvbpSTlCmBlH2UjARzdGVwlE5zYmF1YmgdjApNb250aEZpZWxklJOUKYGUfZQoaCKMBW1vbnRolGgkiGglXZRoKSmBlH2UaCxOc2JhdWJoHYwPRGF5T2ZNb250aEZpZWxklJOUKYGUfZQoaCKMA2RheZRoJIhoJV2UaCkpgZR9lGgsTnNiYXViaB2MCVdlZWtGaWVsZJSTlCmBlH2UKGgijAR3ZWVrlGgkiGglXZRoKSmBlH2UaCxOc2JhdWJoHYwORGF5T2ZXZWVrRmllbGSUk5QpgZR9lChoIowLZGF5X29mX3dlZWuUaCSJaCVdlGgnjBZXZWVrZGF5UmFuZ2VFeHByZXNzaW9ulJOUKYGUfZQoaCxOjAVmaXJzdJRLAIwEbGFzdJRLAHViYXViaB8pgZR9lChoIowEaG91cpRoJIloJV2UaCeMD1JhbmdlRXhwcmVzc2lvbpSTlCmBlH2UKGgsTmhPSwBoUEsAdWJhdWJoHymBlH2UKGgijAZtaW51dGWUaCSJaCVdlGhWKYGUfZQoaCxOaE9LAGhQSwB1YmF1YmgfKYGUfZQoaCKMBnNlY29uZJRoJIhoJV2UaFYpgZR9lChoLE5oT0sAaFBLAHViYXViZYwGaml0dGVylE51YowIZXhlY3V0b3KUjAdkZWZhdWx0lIwEYXJnc5QpjAZrd2FyZ3OUfZRoImgDjBJtaXNmaXJlX2dyYWNlX3RpbWWUSwGMCGNvYWxlc2NllIiMDW1heF9pbnN0YW5jZXOUSwGMDW5leHRfcnVuX3RpbWWUjAhkYXRldGltZZSMCGRhdGV0aW1llJOUQwoH6AQIAAAAAAAAlGgYhpRSlHUu"}}, {"model": "django_apscheduler.djangojob", "pk": "my_job", "fields": {"next_run_time": "2024-04-03T18:33:40Z", "job_state": "gAWV4wMAAAAAAAB9lCiMB3ZlcnNpb26USwGMAmlklIwGbXlfam9ilIwEZnVuY5SMMW5ld3NfYmQubWFuYWdlbWVudC5jb21tYW5kcy5ydW5hcHNjaGVkdWxlcjpteV9qb2KUjAd0cmlnZ2VylIwZYXBzY2hlZHVsZXIudHJpZ2dlcnMuY3JvbpSMC0Nyb25UcmlnZ2VylJOUKYGUfZQoaAFLAowIdGltZXpvbmWUjAhidWlsdGluc5SMB2dldGF0dHKUk5SMEmJhY2twb3J0cy56b25laW5mb5SMCFpvbmVJbmZvlJOUjAlfdW5waWNrbGWUhpRSlIwNRXVyb3BlL01vc2Nvd5RLAYaUUpSMCnN0YXJ0X2RhdGWUTowIZW5kX2RhdGWUTowGZmllbGRzlF2UKIwgYXBzY2hlZHVsZXIudHJpZ2dlcnMuY3Jvbi5maWVsZHOUjAlCYXNlRmllbGSUk5QpgZR9lCiMBG5hbWWUjAR5ZWFylIwKaXNfZGVmYXVsdJSIjAtleHByZXNzaW9uc5RdlIwlYXBzY2hlZHVsZXIudHJpZ2dlcnMuY3Jvbi5leHByZXNzaW9uc5SMDUFsbEV4cHJlc3Npb26Uk5QpgZR9lIwEc3RlcJROc2JhdWJoHYwKTW9udGhGaWVsZJSTlCmBlH2UKGgijAVtb250aJRoJIhoJV2UaCkpgZR9lGgsTnNiYXViaB2MD0RheU9mTW9udGhGaWVsZJSTlCmBlH2UKGgijANkYXmUaCSIaCVdlGgpKYGUfZRoLE5zYmF1YmgdjAlXZWVrRmllbGSUk5QpgZR9lChoIowEd2Vla5RoJIhoJV2UaCkpgZR9lGgsTnNiYXViaB2MDkRheU9mV2Vla0ZpZWxklJOUKYGUfZQoaCKMC2RheV9vZl93ZWVrlGgkiGglXZRoKSmBlH2UaCxOc2JhdWJoHymBlH2UKGgijARob3VylGgkiGglXZRoKSmBlH2UaCxOc2JhdWJoHymBlH2UKGgijAZtaW51dGWUaCSIaCVdlGgpKYGUfZRoLE5zYmF1YmgfKYGUfZQoaCKMBnNlY29uZJRoJIloJV2UaCkpgZR9lGgsSwpzYmF1YmWMBmppdHRlcpROdWKMCGV4ZWN1dG9ylIwHZGVmYXVsdJSMBGFyZ3OUKYwGa3dhcmdzlH2UaCJoA4wSbWlzZmlyZV9ncmFjZV90aW1llEsBjAhjb2FsZXNjZZSIjA1tYXhfaW5zdGFuY2VzlEsBjA1uZXh0X3J1bl90aW1llIwIZGF0ZXRpbWWUjAhkYXRldGltZZSTlEMKB+gEAxUhKAAAAJRoGIaUUpR1Lg=="}}]